1,IMG-20260604-WA0035.jpeg
2,IMG-20260604-WA0037.jpeg
3,IMG-20260604-WA0079.jpeg
4,IMG-20260604-WA0081.jpeg
5,IMG-20260604-WA0094.jpeg
6,IMG-20260604-WA0096.jpeg
7,IMG-20260604-WA0098.jpeg
8,IMG-20260604-WA0100.jpeg
9,IMG-20260605-WA0002.jpg
10,IMG-20260605-WA0014.jpg
11,IMG-20260606-WA0021.jpg
12,IMG-20260611-WA0010.jpg
13,IMG-20260612-WA0012.jpeg
14,IMG-20260612-WA0014.jpeg
15,IMG-20260612-WA0027.jpeg
16,IMG-20260612-WA0031.jpeg
17,IMG-20260612-WA0033.jpeg
18,IMG-20260612-WA0035.jpeg
19,IMG-20260612-WA0037.jpeg
20,IMG-20260613-WA0023.jpeg
21,IMG-20260615-WA0001.jpeg
22,IMG-20260615-WA0004.jpg
23,IMG-20260615-WA0005.jpg
24,IMG-20260618-WA0004.jpg
25,IMG-20260618-WA0027.jpg
26,IMG-20260622-WA0007.jpeg
27,IMG-20260622-WA0011.jpeg
28,IMG-20260624-WA0011.jpeg
29,IMG-20260624-WA0013.jpeg
30,IMG-20260624-WA0044.jpeg
31,IMG-20260626-WA0048.jpeg
32,IMG-20260626-WA0050.jpeg
33,IMG-20260626-WA0052.jpeg
34,IMG-20260626-WA0059.jpeg
35,IMG-20260626-WA0061.jpeg
36,IMG-20260626-WA0063.jpg
37,IMG-20260626-WA0072.jpeg
38,IMG-20260626-WA0074.jpeg
39,IMG-20260626-WA0076.jpeg
40,IMG-20260626-WA0079.jpg
41,IMG-20260626-WA0083.jpeg
42,IMG-20260626-WA0089.jpeg
43,IMG-20260626-WA0091.jpeg
44,IMG-20260626-WA0095.jpeg
45,IMG-20260626-WA0101.jpeg
46,IMG-20260626-WA0104.jpeg
47,IMG-20260626-WA0106.jpeg
48,IMG-20260626-WA0112.jpeg
49,IMG-20260626-WA0115.jpeg
50,IMG-20260626-WA0117.jpeg
51,IMG-20260626-WA0122.jpeg
52,IMG-20260626-WA0126.jpeg
53,IMG-20260626-WA0129.jpeg
54,IMG-20260626-WA0131.jpeg
55,IMG-20260626-WA0134.jpeg
56,IMG-20260626-WA0135.jpg
57,IMG-20260626-WA0136.jpg
58,IMG-20260626-WA0140.jpeg
59,IMG-20260626-WA0146.jpeg
60,IMG-20260626-WA0149.jpeg
61,IMG-20260626-WA0151.jpeg
62,IMG-20260627-WA0022.jpg
63,IMG-20260627-WA0035.jpeg
64,IMG-20260627-WA0037.jpeg
65,IMG-20260627-WA0039.jpeg
66,IMG-20260627-WA0042.jpeg
67,IMG-20260627-WA0044.jpeg
68,IMG-20260627-WA0046.jpeg
69,IMG-20260627-WA0049.jpeg
70,IMG-20260627-WA0051.jpeg
71,IMG-20260627-WA0053.jpeg
72,IMG-20260627-WA0055.jpeg
73,IMG-20260627-WA0057.jpeg
74,IMG-20260627-WA0059.jpeg
75,IMG-20260627-WA0066.jpeg
76,IMG-20260627-WA0073.jpg
77,IMG-20260627-WA0078.jpeg
78,IMG-20260627-WA0082.jpeg
79,IMG-20260627-WA0084.jpeg
80,IMG-20260627-WA0085.jpg
81,IMG-20260627-WA0088.jpeg
82,IMG-20260627-WA0090.jpeg
83,IMG-20260627-WA0092.jpg
84,IMG-20260627-WA0098.jpeg
85,IMG-20260627-WA0101.jpeg
86,IMG-20260627-WA0104.jpg
87,IMG-20260627-WA0109.jpeg
88,IMG-20260627-WA0119.jpeg
89,IMG-20260627-WA0122.jpeg
90,IMG-20260627-WA0150.jpeg
91,IMG-20260627-WA0156.jpg
92,IMG-20260627-WA0159.jpeg
93,IMG-20260627-WA0162.jpeg
94,IMG-20260627-WA0164.jpeg
95,IMG-20260627-WA0172.jpeg
96,IMG-20260627-WA0174.jpeg
97,IMG-20260627-WA0187.jpeg
98,IMG-20260627-WA0201.jpeg
99,IMG-20260627-WA0205.jpeg
100,IMG-20260627-WA0207.jpeg
101,IMG-20260627-WA0209.jpeg
102,IMG-20260627-WA0219.jpeg
103,IMG-20260629-WA0001.jpg
104,IMG-20260629-WA0010.jpg
105,IMG-20260629-WA0011.jpg
106,IMG-20260630-WA0000.jpg
107,IMG-20260630-WA0001.jpg
108,IMG-20260630-WA0002.jpg
109,IMG-20260630-WA0003.jpeg
110,IMG-20260630-WA0005.jpeg
111,IMG-20260630-WA0007.jpeg
112,IMG-20260630-WA0009.jpeg
113,IMG-20260630-WA0012.jpeg
114,IMG-20260630-WA0016.jpg
115,IMG-20260630-WA0018.jpeg
116,IMG-20260630-WA0020.jpeg
117,IMG-20260630-WA0022.jpeg
118,IMG-20260630-WA0024.jpeg
119,IMG-20260630-WA0026.jpeg
120,IMG-20260630-WA0028.jpeg
121,IMG-20260630-WA0030.jpeg
122,IMG-20260630-WA0032.jpeg
123,IMG-20260630-WA0034.jpeg
124,IMG-20260630-WA0036.jpeg
125,IMG-20260630-WA0038.jpeg
126,IMG-20260630-WA0040.jpeg
127,IMG-20260630-WA0042.jpeg
128,IMG-20260630-WA0044.jpeg
129,IMG-20260630-WA0046.jpeg
130,IMG-20260630-WA0048.jpeg
131,IMG-20260630-WA0050.jpeg
132,IMG-20260630-WA0052.jpeg
133,IMG-20260630-WA0054.jpeg
134,IMG-20260630-WA0056.jpeg
135,IMG-20260630-WA0058.jpeg
136,IMG-20260630-WA0060.jpg
137,IMG-20260630-WA0061.jpg
138,IMG-20260630-WA0062.jpeg
139,IMG-20260630-WA0064.jpeg
140,IMG-20260630-WA0065.jpeg
141,IMG-20260701-WA0003.jpeg
142,IMG-20260701-WA0005.jpeg
143,IMG-20260701-WA0017.jpeg
144,IMG-20260701-WA0028.jpeg
145,IMG-20260701-WA0030.jpeg
146,IMG-20260701-WA0032.jpeg
147,IMG-20260701-WA0034.jpeg
148,IMG-20260702-WA0001.jpeg
149,IMG-20260702-WA0006.jpeg
150,IMG-20260703-WA0000.jpg
151,IMG-20260703-WA0003.jpg
152,IMG-20260703-WA0004.jpg
153,IMG-20260703-WA0005.jpg
154,IMG-20260703-WA0006.jpeg
155,IMG-20260703-WA0009.jpg
156,IMG-20260703-WA0010.jpg
157,IMG-20260703-WA0011.jpg
158,IMG-20260703-WA0012.jpg
159,IMG-20260703-WA0013.jpg
160,IMG-20260703-WA0014.jpg
161,IMG-20260703-WA0017.jpeg
162,IMG-20260703-WA0019.jpeg
163,IMG-20260704-WA0020.jpeg
164,IMG-20260704-WA0022.jpeg
165,IMG-20260704-WA0024.jpeg
166,IMG-20260704-WA0026.jpeg
167,IMG-20260704-WA0028.jpeg
168,IMG-20260704-WA0030.jpeg
169,IMG-20260704-WA0032.jpeg
170,IMG-20260704-WA0034.jpeg
171,IMG-20260704-WA0036.jpeg
172,IMG-20260704-WA0040.jpeg
173,IMG-20260704-WA0042.jpeg
174,IMG-20260704-WA0046.jpeg
175,IMG-20260704-WA0048.jpeg
176,IMG-20260704-WA0050.jpeg
177,IMG-20260704-WA0052.jpeg
178,IMG-20260704-WA0054.jpeg
179,IMG-20260704-WA0056.jpeg
180,IMG-20260704-WA0058.jpeg
181,IMG-20260704-WA0060.jpeg
182,IMG-20260704-WA0062.jpeg
183,IMG-20260704-WA0064.jpeg
184,IMG-20260704-WA0066.jpg
185,IMG-20260704-WA0067.jpg
186,IMG-20260704-WA0068.jpg
187,IMG-20260704-WA0069.jpg
188,IMG-20260704-WA0070.jpg
189,IMG-20260704-WA0071.jpg
190,IMG-20260709-WA0022.jpeg
191,IMG-20260709-WA0024.jpg
192,IMG-20260709-WA0026.jpg
193,IMG-20260709-WA0059.jpeg
194,IMG-20260709-WA0061.jpg
195,IMG-20260709-WA0062.jpeg
196,IMG-20260709-WA0065.jpeg
197,IMG-20260709-WA0068.jpeg
198,IMG-20260709-WA0070.jpeg
199,IMG-20260709-WA0074.jpeg
200,IMG-20260709-WA0076.jpeg
201,IMG-20260709-WA0085.jpeg
202,IMG-20260709-WA0087.jpeg
203,IMG-20260710-WA0030.jpeg
204,IMG-20260710-WA0032.jpeg
205,IMG-20260710-WA0034.jpeg
206,IMG-20260710-WA0036.jpeg
207,IMG-20260711-WA0028.jpeg
208,IMG-20260711-WA0032.jpeg
209,IMG-20260711-WA0034.jpeg
210,IMG-20260711-WA0036.jpeg
211,IMG-20260711-WA0038.jpeg
212,IMG-20260711-WA0040.jpeg
213,IMG-20260711-WA0042.jpeg
214,IMG-20260711-WA0044.jpeg
215,IMG-20260711-WA0046.jpeg
216,IMG-20260711-WA0048.jpeg
217,IMG-20260711-WA0050.jpeg
218,IMG-20260711-WA0052.jpeg
219,IMG-20260711-WA0054.jpeg
220,IMG-20260711-WA0056.jpeg
221,IMG-20260711-WA0058.jpeg
222,IMG-20260711-WA0060.jpeg
223,IMG-20260711-WA0062.jpeg
224,IMG-20260711-WA0064.jpeg
225,IMG-20260716-WA0019.jpg
226,IMG-20260716-WA0020.jpeg
227,IMG-20260717-WA0000.jpeg
228,IMG-20260717-WA0001.jpeg
229,IMG-20260717-WA0004.jpeg
230,IMG-20260717-WA0007.jpg
231,IMG-20260717-WA0008.jpg
232,IMG-20260717-WA0118.jpeg
233,IMG-20260717-WA0120.jpeg
234,IMG-20260717-WA0122.jpeg
235,IMG-20260717-WA0130.jpeg
236,IMG-20260717-WA0132.jpeg
237,IMG-20260717-WA0134.jpeg
238,IMG-20260717-WA0136.jpeg
239,IMG-20260717-WA0139.jpeg
240,IMG-20260717-WA0141.jpeg
241,IMG-20260717-WA0152.jpeg
242,IMG-20260717-WA0158.jpeg
243,IMG-20260717-WA0163.jpeg
244,IMG-20260717-WA0166.jpeg
245,IMG-20260717-WA0168.jpeg
246,IMG-20260717-WA0170.jpeg
247,IMG-20260717-WA0172.jpeg
248,IMG-20260717-WA0174.jpeg
249,IMG-20260717-WA0176.jpeg
250,IMG-20260717-WA0185.jpeg
251,IMG-20260717-WA0190.jpeg
252,IMG-20260717-WA0192.jpeg
253,IMG-20260717-WA0194.jpeg
254,IMG-20260717-WA0201.jpeg
255,IMG-20260717-WA0203.jpeg
256,IMG-20260717-WA0205.jpeg
257,IMG-20260718-WA0001.jpeg
258,IMG-20260718-WA0003.jpeg
259,IMG-20260718-WA0005.jpeg
260,IMG-20260718-WA0007.jpeg
261,IMG-20260718-WA0009.jpeg
262,IMG-20260718-WA0013.jpeg
263,IMG-20260718-WA0018.jpeg
264,IMG-20260718-WA0022.jpeg
265,IMG-20260718-WA0024.jpeg
266,IMG-20260718-WA0026.jpeg
267,IMG-20260718-WA0028.jpeg
268,IMG-20260718-WA0030.jpeg
269,IMG-20260718-WA0032.jpeg
270,IMG-20260718-WA0035.jpeg
271,IMG-20260718-WA0037.jpeg
272,IMG-20260718-WA0039.jpeg
273,IMG-20260718-WA0041.jpeg
274,IMG-20260718-WA0043.jpeg
275,IMG-20260718-WA0045.jpeg
276,IMG-20260718-WA0047.jpeg
277,IMG-20260718-WA0049.jpeg
278,IMG-20260718-WA0051.jpeg
279,IMG-20260718-WA0055.jpeg
280,IMG-20260718-WA0057.jpeg
281,IMG-20260718-WA0062.jpeg
282,IMG-20260718-WA0064.jpeg
283,IMG-20260718-WA0066.jpeg
284,IMG-20260718-WA0068.jpeg
285,IMG-20260718-WA0070.jpeg
286,IMG-20260718-WA0073.jpeg
287,IMG-20260718-WA0077.jpeg
288,IMG-20260718-WA0079.jpeg
289,IMG-20260718-WA0081.jpeg
290,IMG-20260720-WA0002.jpeg
291,IMG-20260720-WA0004.jpeg
292,IMG-20260720-WA0011.jpeg
293,IMG-20260720-WA0013.jpeg
294,IMG-20260721-WA0001.jpg
295,IMG-20260721-WA0002.jpg
296,IMG-20260721-WA0003.jpg
297,IMG-20260721-WA0005.jpg
298,IMG-20260721-WA0006.jpg
299,IMG-20260721-WA0007.jpg
300,IMG-20260721-WA0008.jpg
301,IMG-20260723-WA0004.jpg
302,IMG-20260723-WA0007.jpg
303,IMG-20260723-WA0014.jpeg
304,Screenshot_20260702_094202_WhatsApp.jpg
305,Screenshot_20260702_094220_WhatsApp.jpg
